section,name
Brakes,Disc Brake Caliper
Brakes,Brake Drum
Brakes,Brakes
Lighting,Headlamp Alignment
Lighting,Headlamp Bulb
Lighting,Signal Flasher
Brakes,Disc Brake Caliper & Pad Sliding Surfaces
Lighting,Interior Bulb
Lighting,Exterior Bulb
Lighting,Headlamp Control Module
Brakes,Disc Brake Caliper Guide Pin
Lighting,Fog Lamp Bulb
Brakes,Parking Brake Pads
Lighting,Fog Lamp Relay
Lighting,Dome Lamp
Brakes,Drum Brake Backing Plate
Brakes,Drum Brake Shoe Return Spring
Lighting,Fog Lamp Socket
Lighting,Foglamp Alignment
Lighting,Headlamp Control Relay
Lighting,Headlamp Igniter
Lighting,Headlamp Lens
Lighting,Headlamp Motor
Lighting,High Intensity Light Ballast
Lighting,High Mounted Stop Lamp Bulb
Lighting,Instrument Cluster Bulb
Lighting,Lighting Control Module
Lighting,Side Marker/Fog Lamp Assembly
Lighting,Headlamp Assy
Engine,Camshaft Bearing
Engine,Camshaft
Engine,Camshaft Seal
Engine,Camshaft Timing Gear
Engine,Combustion Chamber
Engine,Engine Mount Bracket
Engine,Cylinder Head
Engine,Engine Mount
Engine,Cylinder Head Assembly
Engine,Cylinder Head Gasket
Engine,Cylinder Balance
Engine,Camshaft Bearing Clearance
Engine,Engine Support Rod
Engine,Camshaft Housing
Engine,Engine Torque Strut Mount
Engine,Engine Torque Strut
